{"cameraMode":{"drawMode":0,"name":"Shaded","section":"Shading Mode"},"sceneLighting":true,"audioPlay":false,"sceneViewState":{"showFog":true,"showMaterialUpdate":true,"showSkybox":true,"showFlares":true,"showImageEffects":true,"showParticleSystems":true},"in2DMode":false,"pivot":{"x":1.2505857944488526,"y":1.4058773517608643,"z":-10.800137519836426},"rotation":{"x":-0.11942359060049057,"y":0.8790908455848694,"z":-0.3524573743343353,"w":-0.29787325859069826},"size":5.8305134773254398,"orthographic":false}