{"cameraMode":{"drawMode":0,"name":"Shaded","section":"Shading Mode"},"sceneLighting":true,"audioPlay":false,"sceneViewState":{"showFog":true,"showMaterialUpdate":false,"showSkybox":true,"showFlares":true,"showImageEffects":true,"showParticleSystems":true},"in2DMode":false,"pivot":{"x":31.17438316345215,"y":-11.094741821289063,"z":23.61928367614746},"rotation":{"x":0.2314818799495697,"y":0.44199153780937197,"z":-0.11918950825929642,"w":0.8584031462669373},"size":23.07859992980957,"orthographic":false}